{"stats":{"minecraft:used":{"minecraft:redstone_torch":37,"minecraft:petrified_oak_slab":1,"minecraft:nether_brick_fence":1,"minecraft:black_concrete":633,"minecraft:iron_bars":614,"minecraft:bricks":2898,"minecraft:bookshelf":98,"minecraft:mangrove_door":28,"minecraft:command_block":114,"minecraft:oak_stairs":171,"minecraft:redstone":59,"minecraft:barrier":45,"minecraft:spruce_button":2,"minecraft:oak_planks":4119,"minecraft:quartz_block":218,"minecraft:oak_sign":6,"minecraft:redstone_block":96,"minecraft:mangrove_fence":44,"minecraft:leather_boots":1,"minecraft:item_frame":3,"minecraft:debug_stick":294,"minecraft:repeater":174,"minecraft:redstone_lamp":163,"minecraft:comparator":14,"minecraft:stripped_oak_wood":2,"minecraft:acacia_fence":4,"minecraft:glass_pane":100,"minecraft:acacia_planks":17,"minecraft:cake":1},"minecraft:picked_up":{"minecraft:repeater":1,"minecraft:black_concrete":64,"minecraft:redstone_torch":4,"minecraft:player_head":1,"minecraft:stripped_oak_wood":1,"minecraft:mangrove_door":1,"minecraft:iron_sword":1,"minecraft:oak_planks":64},"minecraft:custom":{"minecraft:time_since_rest":168488,"minecraft:sprint_one_cm":369806,"minecraft:damage_taken":560,"minecraft:walk_one_cm":781565,"minecraft:drop":1,"minecraft:fly_one_cm":2578784,"minecraft:crouch_one_cm":171454,"minecraft:play_time":460674,"minecraft:deaths":4,"minecraft:sneak_time":50604,"minecraft:jump":1439,"minecraft:leave_game":4,"minecraft:time_since_death":168487,"minecraft:total_world_time":868989},"minecraft:dropped":{"minecraft:repeater":1}},"DataVersion":3120}